<?xml version="1.0" encoding="windows-1252"?>
<!--  This file conforms to the DTD xdc/bld/build.dtd -->
<package name="xconfig_ina" version="" producerId="undefined">
    <units>
    </units>
    <sources>
        <srcFile name="package/cfg/ina_pem4f.c"/>
    </sources>
    <configscripts>
        <srcFile name="G:/Internship/Git_Repository/floatingoffice/RTOS/ina.cfg"/>
    </configscripts>
    <makefiles>
        <srcFile name="package.mak" src="package.bld"/>
        <srcFile name="package/package.xdc.dep" src="package.xdc"/>
        <srcFile name="package/cfg/ina_pem4f.mak" src="package.bld"/>
        <srcFile name="package/cfg/ina_pem4f.oem4f.dep" src="package/cfg/ina_pem4f.c"/>
        <srcFile name="package/cfg/ina_pem4f.dep" src="package/cfg/ina_pem4f.cfg"/>
        <srcFile name="package/cfg/ina.xem4f.mak" src="package.bld"/>
        <srcFile name="package/rel/xconfig_ina.tar.dep" src="package/rel/xconfig_ina.xdc.inc"/>
    </makefiles>
    <targets>
        <target name="ti.targets.arm.elf.M4F"
            version="ti.targets.arm.elf.M4F{1,0,18.1,4"
            rawVersion="18.1.4"
            platform="ti.platforms.tiva:TM4C1294NCPDT:1"
            isa="v7M4"
            suffix="em4f"
            rootDir="C:/ti/ccsv8/tools/compiler/ti-cgt-arm_18.1.4.LTS"
            os="undefined"
            rts="ti.targets.arm.rtsarm">
            <model endian="little"
                codeModel="thumb2"
                dataModel="undefined"/>
        </target>
    </targets>
    <libraries>
    </libraries>
    <configurations>
    <configuration name="ina"
        pname="ina.pem4f"
        target="ti.targets.arm.elf.M4F"
        platform="ti.platforms.tiva:TM4C123GH6PM"
        profile="release"
        isPartial="false"
        xCfgScript="package/cfg/ina_pem4f.cfg"
        xCfgPrefix="package/cfg/ina_pem4f"
        cfgScript="G:/Internship/Git_Repository/floatingoffice/RTOS/ina.cfg"
        cfgArgs="null"
        />
    </configurations>
    <executables>
    <executable name="ina"
        pname="ina.xem4f"
        target="ti.targets.arm.elf.M4F"
        platform="ti.platforms.tiva:TM4C123GH6PM"
        profile="release"
        xCfgScript="package/cfg/ina_pem4f.cfg"
        xCfgPrefix="package/cfg/ina_pem4f"
        cfgScript="G:/Internship/Git_Repository/floatingoffice/RTOS/ina.cfg"
        cfgArgs="null"
        />
    </executables>
    <tests>
    <test exeName="ina.xem4f"
        args=""
        groupName="ina.xem4f"
        refOutput="undefined"
        refExitCode="0"
        execArgs=""
        />
    </tests>
    <releases relDir="package/rel/">
    <release name="xconfig_ina"
        pname="xconfig_ina.tar"
        label="default"
    >
        <file name="package/package.bld.xml"/>
        <file name="package/build.cfg"/>
        <file name="package/package.xdc.inc"/>
    </release>
    </releases>
    <repositories>
    </repositories>
</package>
